INSERT INTO "PUBLIC"."COUNTRIES" ("ID", "IMAGE_PATH") VALUES
('00000000-0000-0000-0000-000000000001', 'flags/ukraine.jpg'),
('00000000-0000-0000-0000-000000000002', 'flags/poland.jpg'),
('00000000-0000-0000-0000-000000000003', 'flags/germany.jpg'),
('00000000-0000-0000-0000-000000000004', 'flags/italy.jpg'),
('00000000-0000-0000-0000-000000000005', 'flags/france.jpg'),
('00000000-0000-0000-0000-000000000006', 'flags/spain.jpg'),
('00000000-0000-0000-0000-000000000007', 'flags/turkey.jpg');

MERGE INTO "PUBLIC"."CITIES" ("ID", "COUNTRY_ID") KEY("ID") VALUES
('10000000-0000-0000-0000-000000000001', '00000000-0000-0000-0000-000000000001'),
('10000000-0000-0000-0000-000000000002', '00000000-0000-0000-0000-000000000002'),
('10000000-0000-0000-0000-000000000003', '00000000-0000-0000-0000-000000000003'),
('10000000-0000-0000-0000-000000000004', '00000000-0000-0000-0000-000000000004'),
('10000000-0000-0000-0000-000000000005', '00000000-0000-0000-0000-000000000005'),
('10000000-0000-0000-0000-000000000006', '00000000-0000-0000-0000-000000000006'),
('10000000-0000-0000-0000-000000000007', '00000000-0000-0000-0000-000000000007');

MERGE INTO "PUBLIC"."ROLES" ("ID", "NAME") KEY("ID") VALUES
('4f31ad68-fb2d-4d5a-8430-53f44dd83bf9', 'ROLE_USER'),
('0874ff5e-f748-4977-92e7-324bd15d5357', 'ROLE_MANAGER'),
('49f9466a-89be-4415-ae7e-6b3aeb771da3', 'ROLE_ADMIN');

MERGE INTO "PUBLIC"."USERS" ("ID", "EMAIL", "PASSWORD_HASH", "BALANCE", "IS_LOCKED") KEY("ID") VALUES
('1da4fed8-2859-499e-883b-ce5a06f757d3', 'svitlana.marchenko@example.com', 'd02778cb97b102f6bb1b56950ec464879a83a00508dae921d6e1596f2a893259', 1830.00, FALSE),
('202ba1b4-2bc5-419c-a762-167c8afa6c48', 'artem.melnychuk@example.com', '8e6cf23778a4b665c7d8123ef8bc6292773603d0d6aabbdd62a11ef721d1542d', 1055.20, FALSE),
('c9eb4482-160e-40fc-9954-d6f4f6a41caa', 'admin1@gmail.com', '$2a$10$1lYnx58CSAy7UlwMmIOnx.46zDoNnDlmFt92waNsdQeK6yx5IRzP.', 0.00, FALSE),
('3ae70cf0-dbe9-4390-b012-1329c8ed15b3', 'admin@gmail', '$2a$10$YGMy/r5mir8F7KHjQGETVea2rzRV9T9WdLJK7Tn/B78l9SEM8hWHe', 115.00, FALSE),
('41acc2b9-3e30-41d2-9e8f-6a43fec73334', 'manager@gmail.com', '$2a$10$YGMy/r5mir8F7KHjQGETVea2rzRV9T9WdLJK7Tn/B78l9SEM8hWHe', 5045.00, FALSE),
('33f2661a-bbdf-4da2-a2c4-e3df376d2d0b', 'user1@gmail.com', '$2a$10$mtlidpZ4I0Eq40qMUjJwRub/2.AEhSfgS.EfCpu6scRRU6mCWYAWi', 3680.00, TRUE),
('efacf208-7ff9-485c-b22d-f57998c667bc', 'user12@gmail.com', '$2a$10$Pn9lcD/aFnYmxCGM62NoJuuezy6lU80EVPe8mKq2pOENcZZkgUxWq', 53823.00, FALSE);

INSERT INTO "PUBLIC"."USER_TRANSLATIONS" ("USER_ID", "LANG", "FIRST_NAME", "LAST_NAME") VALUES
('3ae70cf0-dbe9-4390-b012-1329c8ed15b3', 'uk', 'Адміністратор', 'Головний'),
('3ae70cf0-dbe9-4390-b012-1329c8ed15b3', 'en', 'Admin', 'Main'),
('41acc2b9-3e30-41d2-9e8f-6a43fec73334', 'uk', 'Менеджер', 'Сервісу'),
('41acc2b9-3e30-41d2-9e8f-6a43fec73334', 'en', 'Manager', 'Service'),
('33f2661a-bbdf-4da2-a2c4-e3df376d2d0b', 'uk', 'Олександр', 'Петров'),
('33f2661a-bbdf-4da2-a2c4-e3df376d2d0b', 'en', 'Oleksandr', 'Petrov'),
('efacf208-7ff9-485c-b22d-f57998c667bc', 'uk', 'Анна', 'Коваль'),
('efacf208-7ff9-485c-b22d-f57998c667bc', 'en', 'Anna', 'Koval');

MERGE INTO "PUBLIC"."USER_ROLES" ("USER_ID", "ROLE_ID") KEY("USER_ID", "ROLE_ID") VALUES
('1da4fed8-2859-499e-883b-ce5a06f757d3', '4f31ad68-fb2d-4d5a-8430-53f44dd83bf9'),
('202ba1b4-2bc5-419c-a762-167c8afa6c48', '4f31ad68-fb2d-4d5a-8430-53f44dd83bf9'),
('3ae70cf0-dbe9-4390-b012-1329c8ed15b3', '49f9466a-89be-4415-ae7e-6b3aeb771da3'),
('41acc2b9-3e30-41d2-9e8f-6a43fec73334', '0874ff5e-f748-4977-92e7-324bd15d5357'),
('33f2661a-bbdf-4da2-a2c4-e3df376d2d0b', '4f31ad68-fb2d-4d5a-8430-53f44dd83bf9'),
('efacf208-7ff9-485c-b22d-f57998c667bc', '4f31ad68-fb2d-4d5a-8430-53f44dd83bf9'),
('c9eb4482-160e-40fc-9954-d6f4f6a41caa', '4f31ad68-fb2d-4d5a-8430-53f44dd83bf9');

INSERT INTO "PUBLIC"."COUNTRY_TRANSLATIONS" ("COUNTRY_ID", "LANG", "NAME") VALUES
('00000000-0000-0000-0000-000000000001', 'uk', 'Україна'),
('00000000-0000-0000-0000-000000000001', 'en', 'Ukraine'),
('00000000-0000-0000-0000-000000000002', 'uk', 'Польща'),
('00000000-0000-0000-0000-000000000002', 'en', 'Poland'),
('00000000-0000-0000-0000-000000000003', 'uk', 'Німеччина'),
('00000000-0000-0000-0000-000000000003', 'en', 'Germany'),
('00000000-0000-0000-0000-000000000004', 'uk', 'Італія'),
('00000000-0000-0000-0000-000000000004', 'en', 'Italy'),
('00000000-0000-0000-0000-000000000005', 'uk', 'Франція'),
('00000000-0000-0000-0000-000000000005', 'en', 'France'),
('00000000-0000-0000-0000-000000000006', 'uk', 'Іспанія'),
('00000000-0000-0000-0000-000000000006', 'en', 'Spain'),
('00000000-0000-0000-0000-000000000007', 'uk', 'Туреччина'),
('00000000-0000-0000-0000-000000000007', 'en', 'Turkey');


INSERT INTO "PUBLIC"."CITY_TRANSLATIONS" ("CITY_ID", "LANG", "NAME") VALUES
('10000000-0000-0000-0000-000000000001', 'uk', 'Київ'),
('10000000-0000-0000-0000-000000000001', 'en', 'Kyiv'),
('10000000-0000-0000-0000-000000000002', 'uk', 'Варшава'),
('10000000-0000-0000-0000-000000000002', 'en', 'Warsaw'),
('10000000-0000-0000-0000-000000000003', 'uk', 'Берлін'),
('10000000-0000-0000-0000-000000000003', 'en', 'Berlin'),
('10000000-0000-0000-0000-000000000004', 'uk', 'Рим'),
('10000000-0000-0000-0000-000000000004', 'en', 'Rome'),
('10000000-0000-0000-0000-000000000005', 'uk', 'Париж'),
('10000000-0000-0000-0000-000000000005', 'en', 'Paris'),
('10000000-0000-0000-0000-000000000006', 'uk', 'Мадрид'),
('10000000-0000-0000-0000-000000000006', 'en', 'Madrid'),
('10000000-0000-0000-0000-000000000007', 'uk', 'Стамбул'),
('10000000-0000-0000-0000-000000000007', 'en', 'Istanbul');

MERGE INTO "PUBLIC"."TOURS" ("ID", "PRICE", "CITY_ID", "ARRIVAL_DATE", "EVICTION_DATE")
KEY("ID")
VALUES
('20000000-0000-0000-0000-000000000001', 100.0, '10000000-0000-0000-0000-000000000001', '2026-07-01', '2026-07-06'),
('20000000-0000-0000-0000-000000000002', 200.0, '10000000-0000-0000-0000-000000000002', '2026-07-05', '2026-07-10'),
('20000000-0000-0000-0000-000000000003', 300.0, '10000000-0000-0000-0000-000000000003', '2026-07-10', '2026-07-15'),
('20000000-0000-0000-0000-000000000004', 400.0, '10000000-0000-0000-0000-000000000004', '2026-07-15', '2026-07-20'),
('20000000-0000-0000-0000-000000000005', 500.0, '10000000-0000-0000-0000-000000000005', '2026-07-20', '2026-07-25'),
('20000000-0000-0000-0000-000000000006', 600.0, '10000000-0000-0000-0000-000000000006', '2026-07-25', '2026-07-30'),
('20000000-0000-0000-0000-000000000007', 700.0, '10000000-0000-0000-0000-000000000007', '2026-07-30', '2026-08-04');

INSERT INTO "PUBLIC"."TOURS_TRANSLATIONS"
("TOURS_ID", "LANG", "TITLE", "DESCRIPTION", "TOUR_TYPE", "TRANSFER_TYPE", "HOTEL_TYPE") VALUES
-- Тур 1
('20000000-0000-0000-0000-000000000001', 'en', 'Tour 1', 'Relaxing health retreat', 'HEALTH', 'TRAIN', 'FOUR_STARS'),
('20000000-0000-0000-0000-000000000001', 'uk', 'Тур 1', 'Відпочинок для здоров’я', 'HEALTH', 'TRAIN', 'FOUR_STARS'),
-- Тур 2
('20000000-0000-0000-0000-000000000002', 'en', 'Tour 2', 'Active sports week', 'SPORTS', 'PLANE', 'FIVE_STARS'),
('20000000-0000-0000-0000-000000000002', 'uk', 'Тур 2', 'Активний спортивний тиждень', 'SPORTS', 'PLANE', 'FIVE_STARS'),
-- Тур 3
('20000000-0000-0000-0000-000000000003', 'en', 'Tour 3', 'Leisure city break', 'LEISURE', 'BUS', 'FOUR_STARS'),
('20000000-0000-0000-0000-000000000003', 'uk', 'Тур 3', 'Міський відпочинок', 'LEISURE', 'BUS', 'FOUR_STARS'),
-- Тур 4
('20000000-0000-0000-0000-000000000004', 'en', 'Tour 4', 'Wild safari adventure', 'SAFARI', 'PLANE', 'FIVE_STARS'),
('20000000-0000-0000-0000-000000000004', 'uk', 'Тур 4', 'Дике сафарі', 'SAFARI', 'PLANE', 'FIVE_STARS'),
-- Тур 5
('20000000-0000-0000-0000-000000000005', 'en', 'Tour 5', 'Exquisite wine tasting', 'WINE', 'TRAIN', 'FOUR_STARS'),
('20000000-0000-0000-0000-000000000005', 'uk', 'Тур 5', 'Вишукана дегустація вин', 'WINE', 'TRAIN', 'FOUR_STARS'),
-- Тур 6
('20000000-0000-0000-0000-000000000006', 'en', 'Tour 6', 'Eco nature getaway', 'ECO', 'BUS', 'FIVE_STARS'),
('20000000-0000-0000-0000-000000000006', 'uk', 'Тур 6', 'Еко-відпочинок на природі', 'ECO', 'BUS', 'FIVE_STARS'),
-- Тур 7
('20000000-0000-0000-0000-000000000007', 'en', 'Tour 7', 'Cultural city exploration', 'CULTURAL', 'SHIP', 'FOUR_STARS'),
('20000000-0000-0000-0000-000000000007', 'uk', 'Тур 7', 'Культурна експедиція', 'CULTURAL', 'SHIP', 'FOUR_STARS');

INSERT INTO "PUBLIC"."USER_TOURS" ("ID", "USER_ID", "TOUR_ID", "STATUS", "CREATED_AT") VALUES
('f0000000-0000-0000-0000-000000000001', '33f2661a-bbdf-4da2-a2c4-e3df376d2d0b', '20000000-0000-0000-0000-000000000001', 'PAID', CURRENT_TIMESTAMP),
('f0000000-0000-0000-0000-000000000002', '33f2661a-bbdf-4da2-a2c4-e3df376d2d0b', '20000000-0000-0000-0000-000000000002', 'PENDING', CURRENT_TIMESTAMP),
('f0000000-0000-0000-0000-000000000003', 'efacf208-7ff9-485c-b22d-f57998c667bc', '20000000-0000-0000-0000-000000000003', 'PAID', CURRENT_TIMESTAMP),
('f0000000-0000-0000-0000-000000000004', 'efacf208-7ff9-485c-b22d-f57998c667bc', '20000000-0000-0000-0000-000000000004', 'CANCELLED', CURRENT_TIMESTAMP),
('f0000000-0000-0000-0000-000000000005', '33f2661a-bbdf-4da2-a2c4-e3df376d2d0b', '20000000-0000-0000-0000-000000000005', 'PAID', CURRENT_TIMESTAMP),
('f0000000-0000-0000-0000-000000000006', 'efacf208-7ff9-485c-b22d-f57998c667bc', '20000000-0000-0000-0000-000000000006', 'PAID', CURRENT_TIMESTAMP),
('f0000000-0000-0000-0000-000000000007', '33f2661a-bbdf-4da2-a2c4-e3df376d2d0b', '20000000-0000-0000-0000-000000000007', 'PAID', CURRENT_TIMESTAMP);



